hours_studied,exam_score
10.587231,86.84589
10.980047,87.2855
4.594365,65.3958
11.511667,90.87783
4.6853786,66.3882
7.210744,73.48987
3.0788698,50.96567
9.523696,84.48393
11.289257,92.11055
1.5982311,43.392365
11.215178,80.23761
7.122956,64.40603
10.432854,88.97219
6.8125834,73.81601
8.893128,81.58173
5.152854,63.020336
10.625315,94.329956
6.886853,73.430176
3.1989605,60.065285
7.52939,72.104454
3.2355802,56.369286
5.296363,73.83037
3.56305,59.348763
9.980226,88.43468
1.2637789,45.793373
3.233938,50.406364
4.305752,53.971592
2.3923652,46.846375
6.5662985,72.08383
0.07392526,40.743057
11.418654,93.60382
0.9031906,40.444187
10.632164,85.539116
6.998515,71.1739
4.051773,51.39931
9.7077,85.333725
6.9351044,66.29443
10.84778,90.32387
6.655918,70.84509
4.107761,57.83838
7.612102,66.3774
4.3729234,70.93234
8.525146,83.36931
11.356933,97.92738
9.468357,85.77419
3.3769648,57.221348
9.463588,84.2941
7.0735574,70.72423
9.04701,81.57606
2.3429697,55.80018
0.06054926,40.30993
3.6818368,56.181442
1.3978629,49.503834
10.923233,92.02578
7.728188,77.710464
8.485281,78.08953
7.897567,70.96742
5.895624,73.95015
10.69565,83.5759
1.7369184,45.17063
6.3777823,64.67429
1.9047589,51.1504
7.850112,71.76109
3.9337063,58.799797
7.8384976,78.09078
4.7499514,70.66586
10.976351,94.613945
2.4437885,46.67797
2.421612,55.07271
2.421396,49.317734
11.396657,92.630486
7.999507,76.4248
11.773504,85.91639
1.0483425,35.32226
0.048743248,39.32018
1.3058174,49.828106
1.9638655,51.457104
8.430241,76.589325
8.148455,68.57275
10.985546,89.44125
2.9014478,57.375217
1.9097292,45.64878
9.183469,76.155594
3.574773,54.99715
9.641542,87.38021
4.576196,65.14523
9.432276,82.00514
1.338192,47.706856
2.9721014,50.970665
7.829259,76.81317
7.268445,74.64087
4.4702473,63.784584
9.576417,84.349014
10.0788555,85.739845
1.6489599,46.388615
2.7967908,63.434486
11.493972,94.337654
3.975405,62.74797
3.8729017,56.038784
0.19443226,37.816956
2.5639787,48.75196
7.498822,68.90297
5.208041,67.79259
1.6446841,46.922874
6.1407404,69.364746
1.901511,45.855984
0.90962005,48.377598
2.6960242,48.77186
0.74872756,48.710514
2.1795716,48.544453
11.997653,93.048676
7.1332498,68.24386
7.848958,76.388725
0.4038942,35.641994
2.0593572,58.563095
4.002865,58.293518
6.9382267,75.06914
0.7204721,56.029186
3.4147618,58.22447
2.4079885,57.633766
6.0166273,68.594666
3.7673807,61.622692
5.5842257,55.2661
1.9342217,41.644066
1.881629,57.14803
2.4995892,60.423298
3.9462154,62.158047
1.2643147,45.969814
11.030819,87.35847
4.8092155,61.331905
11.16238,89.119774
7.8694925,69.177925
0.91921806,41.705524
10.152211,84.004974
4.349131,59.75467
3.7000437,59.11721
1.019577,45.51692
0.035036087,35.308685
7.716664,84.19076
4.689337,63.32546
8.335938,78.193565
1.0760193,46.386093
10.454575,95.353966
1.5956776,48.056156
4.9639597,63.97435
7.253218,73.285576
9.097511,95.19867
10.843863,85.07953
11.465755,92.57276
1.2424672,38.915886
7.5100036,75.76758
3.4192443,63.91683
5.342491,62.505573
1.5090594,43.213287
11.465152,91.97402
1.596297,46.119793
9.206707,78.59889
8.108638,78.483475
7.9497356,82.62127
2.7561228,51.143097
11.453709,95.78101
7.3185024,69.456566
6.77184,72.001366
0.71247125,44.660652
8.518731,80.377014
5.0998764,56.64477
3.2512543,59.213223
11.153679,90.05153
7.3376927,73.91301
2.6803415,51.869007
2.9631665,52.899834
5.7134657,59.809193
9.350168,89.80597
4.466797,62.82436
2.5765507,56.56178
3.9453428,60.2874
1.517551,40.153645
8.139795,84.88725
10.644241,97.804115
0.35135794,41.057148
7.393504,75.722206
9.09955,78.76064
7.0879765,65.795334
3.8632522,54.45756
9.131653,81.215935
9.153079,75.86812
8.243564,73.295074
4.9456716,60.217995
4.4111924,64.662186
6.6418858,69.17528
4.9400754,62.993908
4.2119937,58.75996
9.835241,88.98162
11.156397,82.291756
5.406016,69.26272
4.656619,66.68316
6.087554,66.68494
5.6417503,64.00617
7.4424677,72.52503
7.6814017,78.45021
